{"sin": {"box": {"oracle": 0.25, "simulations": {"2": [0.54, 0.36000000000000004, 0.6900000000000001, 0.2, 0.35000000000000003, 0.54, 0.42000000000000004, 0.55, 0.55, 0.22, 0.5800000000000001, 0.55, 0.55, 0.22, 0.35000000000000003, 0.36000000000000004, 0.08, 0.24000000000000002, 0.35000000000000003, 0.2, 0.55, 0.55, 0.36000000000000004, 0.55, 0.35000000000000003, 0.54, 0.55, 0.55, 0.55, 0.55, 0.55, 0.55, 0.55, 0.55, 0.55, 0.16, 0.36000000000000004, 0.2, 0.18000000000000002, 0.55, 0.37, 0.35000000000000003, 0.55, 0.54, 0.5700000000000001, 0.55, 0.55, 0.55, 0.35000000000000003, 0.16, 0.35000000000000003, 0.09, 0.5700000000000001, 0.14, 0.55, 0.2, 0.09999999999999999, 0.2, 0.2, 0.54, 0.36000000000000004, 0.36000000000000004, 0.54, 0.2, 0.55, 0.55, 0.22, 0.34, 0.54, 0.54, 0.2, 0.54, 0.35000000000000003, 0.55, 0.5700000000000001, 0.54, 0.2, 0.35000000000000003, 0.55, 0.35000000000000003, 0.55, 0.19, 0.5700000000000001, 0.22, 0.55, 0.25, 0.55, 0.08, 0.55, 0.55, 0.55, 0.55, 0.55, 0.54, 0.55, 0.55, 0.55, 0.35000000000000003, 0.55, 0.62], "5": [0.22, 0.08, 0.09, 0.55, 0.55, 0.55, 0.55, 0.08, 0.2, 0.55, 0.55, 0.55, 0.55, 0.55, 0.08, 0.54, 0.55, 0.08, 0.55, 0.55, 0.55, 0.54, 0.55, 0.55, 0.09, 0.55, 0.55, 0.22, 0.55, 0.36000000000000004, 0.54, 0.55, 0.55, 0.55, 0.54, 0.55, 0.36000000000000004, 0.35000000000000003, 0.54, 0.08, 0.55, 0.2, 0.5700000000000001, 0.55, 0.22, 0.09, 0.55, 0.54, 0.08, 0.09, 0.55, 0.08, 0.55, 0.55, 0.08, 0.55, 0.09, 0.55, 0.55, 0.55, 0.35000000000000003, 0.55, 0.2, 0.36000000000000004, 0.08, 0.55, 0.55, 0.55, 0.55, 0.55, 0.2, 0.08, 0.22, 0.18000000000000002, 0.36000000000000004, 0.55, 0.55, 0.2, 0.36000000000000004, 0.55, 0.08, 0.55, 0.55, 0.55, 0.55, 0.08, 0.2, 0.35000000000000003, 0.55, 0.55, 0.2, 0.55, 0.55, 0.55, 0.55, 0.55, 0.36000000000000004, 0.55, 0.55, 0.55], "10": [0.55, 0.08, 0.19, 0.36000000000000004, 0.08, 0.08, 0.55, 0.55, 0.55, 0.55, 0.55, 0.55, 0.08, 0.55, 0.35000000000000003, 0.08, 0.35000000000000003, 0.55, 0.08, 0.22, 0.2, 0.55, 0.09, 0.55, 0.55, 0.55, 0.55, 0.55, 0.2, 0.08, 0.55, 0.55, 0.55, 0.22, 0.55, 0.08, 0.55, 0.35000000000000003, 0.55, 0.36000000000000004, 0.55, 0.55, 0.55, 0.55, 0.09, 0.55, 0.55, 0.36000000000000004, 0.55, 0.36000000000000004, 0.55, 0.35000000000000003, 0.09, 0.55, 0.35000000000000003, 0.55, 0.55, 0.55, 0.08, 0.55, 0.55, 0.55, 0.55, 0.55, 0.08, 0.55, 0.08, 0.55, 0.08, 0.55, 0.36000000000000004, 0.55, 0.08, 0.55, 0.55, 0.2, 0.55, 0.08, 0.55, 0.09, 0.55, 0.08, 0.08, 0.08, 0.09, 0.55, 0.08, 0.08, 0.55, 0.55, 0.55, 0.55, 0.55, 0.55, 0.55, 0.55, 0.55, 0.55, 0.55, 0.55]}}, "gaussian": {"oracle": 0.13, "simulations": {"2": [0.18000000000000002, 0.17, 0.29000000000000004, 0.060000000000000005, 0.21000000000000002, 0.2, 0.08, 0.2, 0.14, 0.17, 0.28, 0.12, 0.09999999999999999, 0.05, 0.15000000000000002, 0.11, 0.35000000000000003, 0.13, 0.12, 0.33, 0.09, 0.34, 0.12, 0.19, 0.25, 0.41000000000000003, 0.18000000000000002, 0.14, 0.22, 0.3, 0.26, 0.24000000000000002, 0.29000000000000004, 0.48000000000000004, 0.39, 0.3, 0.09999999999999999, 0.09, 0.24000000000000002, 0.39, 0.27, 0.08, 0.28, 0.12, 0.15000000000000002, 0.16, 0.08, 0.25, 0.3, 0.26, 0.26, 0.060000000000000005, 0.15000000000000002, 0.16, 0.05, 0.060000000000000005, 0.44, 0.27, 0.09, 0.25, 0.29000000000000004, 0.3, 0.11, 0.060000000000000005, 0.39, 0.11, 0.06999999999999999, 0.11, 0.05, 0.2, 0.14, 0.23, 0.35000000000000003, 0.43, 0.08, 0.12, 0.22, 0.060000000000000005, 0.34, 0.34, 0.3, 0.29000000000000004, 0.06999999999999999, 0.24000000000000002, 0.11, 0.34, 0.4, 0.27, 0.04, 0.28, 0.3, 0.17, 0.34, 0.27, 0.26, 0.23, 0.04, 0.09, 0.33, 0.19], "5": [0.060000000000000005, 0.14, 0.19, 0.060000000000000005, 0.09, 0.26, 0.26, 0.06999999999999999, 0.18000000000000002, 0.28, 0.12, 0.060000000000000005, 0.11, 0.22, 0.3, 0.23, 0.15000000000000002, 0.26, 0.11, 0.05, 0.08, 0.08, 0.09, 0.12, 0.2, 0.060000000000000005, 0.12, 0.06999999999999999, 0.2, 0.23, 0.08, 0.08, 0.05, 0.05, 0.25, 0.060000000000000005, 0.17, 0.15000000000000002, 0.060000000000000005, 0.09, 0.060000000000000005, 0.32, 0.04, 0.13, 0.09, 0.26, 0.27, 0.05, 0.2, 0.2, 0.060000000000000005, 0.060000000000000005, 0.29000000000000004, 0.05, 0.24000000000000002, 0.26, 0.27, 0.060000000000000005, 0.060000000000000005, 0.26, 0.27, 0.09, 0.09, 0.11, 0.13, 0.23, 0.05, 0.17, 0.22, 0.28, 0.27, 0.23, 0.08, 0.14, 0.09999999999999999, 0.09, 0.09999999999999999, 0.060000000000000005, 0.12, 0.11, 0.060000000000000005, 0.05, 0.12, 0.28, 0.05, 0.05, 0.14, 0.05, 0.05, 0.3, 0.17, 0.16, 0.09999999999999999, 0.060000000000000005, 0.05, 0.28, 0.05, 0.3, 0.17, 0.060000000000000005], "10": [0.08, 0.24000000000000002, 0.19, 0.060000000000000005, 0.060000000000000005, 0.05, 0.24000000000000002, 0.060000000000000005, 0.3, 0.09, 0.05, 0.09999999999999999, 0.060000000000000005, 0.060000000000000005, 0.060000000000000005, 0.060000000000000005, 0.29000000000000004, 0.05, 0.060000000000000005, 0.060000000000000005, 0.05, 0.08, 0.05, 0.15000000000000002, 0.09999999999999999, 0.25, 0.05, 0.23, 0.05, 0.05, 0.23, 0.06999999999999999, 0.22, 0.26, 0.21000000000000002, 0.06999999999999999, 0.09, 0.09, 0.13, 0.24000000000000002, 0.24000000000000002, 0.27, 0.09, 0.09999999999999999, 0.060000000000000005, 0.060000000000000005, 0.08, 0.09999999999999999, 0.060000000000000005, 0.19, 0.24000000000000002, 0.27, 0.11, 0.060000000000000005, 0.08, 0.24000000000000002, 0.05, 0.060000000000000005, 0.05, 0.26, 0.25, 0.060000000000000005, 0.060000000000000005, 0.17, 0.26, 0.24000000000000002, 0.05, 0.05, 0.05, 0.060000000000000005, 0.18000000000000002, 0.11, 0.05, 0.28, 0.24000000000000002, 0.05, 0.060000000000000005, 0.060000000000000005, 0.060000000000000005, 0.22, 0.05, 0.05, 0.09999999999999999, 0.060000000000000005, 0.15000000000000002, 0.06999999999999999, 0.15000000000000002, 0.25, 0.06999999999999999, 0.09, 0.060000000000000005, 0.16, 0.19, 0.12, 0.27, 0.05, 0.09, 0.060000000000000005, 0.25, 0.09999999999999999]}}}, "poly": {"box": {"oracle": 0.11, "simulations": {"2": [0.09, 0.11, 0.09999999999999999, 0.09999999999999999, 0.08, 0.11, 0.08, 0.09999999999999999, 0.09999999999999999, 0.09999999999999999, 0.09, 0.09, 0.18000000000000002, 0.16, 0.14, 0.09999999999999999, 0.12, 0.16, 0.08, 0.09999999999999999, 0.09999999999999999, 0.09999999999999999, 0.08, 0.11, 0.18000000000000002, 0.11, 0.11, 0.18000000000000002, 0.18000000000000002, 0.16, 0.09, 0.09999999999999999, 0.08, 0.13, 0.11, 0.08, 0.09999999999999999, 0.2, 0.08, 0.08, 0.14, 0.09, 0.09999999999999999, 0.09999999999999999, 0.09, 0.2, 0.09999999999999999, 0.13, 0.17, 0.21000000000000002, 0.060000000000000005, 0.11, 0.17, 0.11, 0.08, 0.09999999999999999, 0.08, 0.06999999999999999, 0.09999999999999999, 0.09999999999999999, 0.09999999999999999, 0.12, 0.11, 0.09, 0.09999999999999999, 0.11, 0.09999999999999999, 0.09999999999999999, 0.11, 0.15000000000000002, 0.09999999999999999, 0.21000000000000002, 0.16, 0.08, 0.09999999999999999, 0.21000000000000002, 0.14, 0.09999999999999999, 0.09999999999999999, 0.09, 0.08, 0.11, 0.08, 0.18000000000000002, 0.09999999999999999, 0.16, 0.08, 0.09999999999999999, 0.11, 0.09999999999999999, 0.09999999999999999, 0.18000000000000002, 0.12, 0.18000000000000002, 0.08, 0.09999999999999999, 0.16, 0.08, 0.11, 0.08], "5": [0.08, 0.08, 0.08, 0.08, 0.17, 0.08, 0.08, 0.09, 0.08, 0.08, 0.08, 0.08, 0.08, 0.08, 0.08, 0.08, 0.08, 0.08, 0.08, 0.08, 0.08, 0.08, 0.08, 0.08, 0.08, 0.08, 0.08, 0.09999999999999999, 0.08, 0.08, 0.08, 0.09999999999999999, 0.08, 0.08, 0.08, 0.08, 0.08, 0.09999999999999999, 0.08, 0.08, 0.08, 0.08, 0.08, 0.08, 0.08, 0.08, 0.08, 0.08, 0.08, 0.08, 0.08, 0.08, 0.08, 0.08, 0.08, 0.08, 0.08, 0.09, 0.08, 0.08, 0.08, 0.08, 0.08, 0.08, 0.08, 0.08, 0.08, 0.08, 0.08, 0.08, 0.08, 0.08, 0.09999999999999999, 0.08, 0.08, 0.08, 0.08, 0.08, 0.08, 0.08, 0.08, 0.08, 0.08, 0.08, 0.08, 0.08, 0.09999999999999999, 0.08, 0.08, 0.09999999999999999, 0.08, 0.08, 0.08, 0.08, 0.09999999999999999, 0.09999999999999999, 0.08, 0.08, 0.08, 0.09999999999999999],